{"initial_reset_timestamp": 1783235758.7362022, "timestamps": [1783235764.4184444, 1783235769.2404675, 1783235770.7749255, 1783235773.9655266, 1783235776.100102, 1783235780.458652, 1783235782.9454763, 1783235786.1267948, 1783235789.4985504, 1783235794.0098293], "episode_lengths": [934, 1342, 363, 804, 601, 1133, 723, 634, 768, 1166], "episode_rewards": [180.0, 570.0, 30.0, 90.0, 90.0, 340.0, 75.0, 90.0, 160.0, 385.0], "episode_types": ["t", "t", "t", "t", "t", "t", "t", "t", "t", "t", "t"]}