{"initial_reset_timestamp": 1783163584.2918293, "timestamps": [1783163588.5502834, 1783163590.2906268, 1783163592.3137574, 1783163594.292505, 1783163596.4782398, 1783163598.5949028, 1783163601.9640665, 1783163606.8509643, 1783163608.995184, 1783163612.4186943], "episode_lengths": [961, 615, 659, 592, 673, 698, 1023, 1173, 508, 868], "episode_rewards": [200.0, 130.0, 165.0, 165.0, 110.0, 195.0, 445.0, 260.0, 115.0, 370.0], "episode_types": ["t", "t", "t", "t", "t", "t", "t", "t", "t", "t", "t"]}